Year,Month,Day,Time,Lat,Lon,Depth,Mag,Region,Timestamp
2020,12,29,16:18:30,0.0836,124.7176,10,4.1,"Minahasa, Sulawesi, Indonesia",1609258710
2020,12,28,07:31:10,-0.2385,124.5254,44.7,5.1,"174 km S of Tomohon, Indonesia",1609140670
2020,12,26,09:15:16,-0.2665,125.1326,57.7,4.9,"175 km S of Tondano, Indonesia",1608974116
2020,12,24,01:24:13,-0.1547,124.4378,32.5,5.2,"167 km SSW of Tomohon, Indonesia",1608773053
2020,12,22,09:39:23,-0.656,125.1056,41.2,4.2,"217 km S of Tondano, Indonesia",1608629963
2020,12,20,22:13:50,-0.1889,123.0381,68.7,4.1,"80 km S of Gorontalo, Indonesia",1608502430
2020,12,17,08:30:49,0.2977,125.0406,35,5.1,"112 km S of Tondano, Indonesia",1608193849
2020,12,02,20:36:22,-3.4349,123.2629,9.1,5.2,"102 km NE of Kendari, Indonesia",1606941382
2020,12,02,03:33:50,-5.6835,120.6056,10,4.2,"73 km SSE of Sinjai, Indonesia",1606880030
2020,11,29,12:14:13,0.4805,120.5811,10,4.2,"172 km NNE of Palu, Indonesia",1606652053
2020,11,28,17:26:10,0.5311,120.4025,10,4.6,"Minahasa, Sulawesi, Indonesia",1606584370
2020,11,25,00:01:58,-0.1847,125.4737,49,4.3,"176 km SSE of Tondano, Indonesia",1606262518
2020,11,24,02:56:12,0.0237,124.3137,99.9,4,"150 km ESE of Gorontalo, Indonesia",1606186572
2020,11,18,19:07:52,-6.0388,122.5792,10,4.5,"122 km S of Katabu, Indonesia",1605726472
2020,11,15,08:37:24,0.7939,124.6194,118.5,4.3,"61 km SSW of Tomohon, Indonesia",1605429444
2020,11,11,18:48:45,0.3276,121.6317,144.2,4.6,"160 km W of Gorontalo, Indonesia",1605120525
2020,11,09,15:22:57,0.9208,125.2443,40.9,4.5,"56 km SE of Tondano, Indonesia",1604935377
2020,11,09,03:33:46,-0.6061,122.1843,23.9,4,"77 km WNW of Luwuk, Indonesia",1604892826
2020,11,08,21:42:03,-6.0188,122.5471,10,4,"120 km S of Katabu, Indonesia",1604871723
2020,11,08,20:54:41,-2.2862,119.1124,54.6,4.4,"50 km NNE of Mamuju, Indonesia",1604868881
2020,11,06,23:41:47,-1.9522,119.3325,10,4.9,"94 km NNE of Mamuju, Indonesia",1604706107
2020,11,04,19:09:21,2.09,124.4306,249.5,4,"81 km NW of Manado, Indonesia",1604516961
2020,11,03,02:02:31,-0.1306,124.4872,64.1,4.5,"163 km SSW of Tomohon, Indonesia",1604368951
2020,10,30,13:26:58,-0.3142,124.4671,64.2,4.3,"182 km ESE of Gorontalo, Indonesia",1604064418
2020,10,29,01:54:19,-0.2294,124.4819,59.7,4.7,"174 km SSW of Tomohon, Indonesia",1603936459
2020,10,28,09:08:59,-0.2149,124.4602,47.5,5.3,"173 km SSW of Tomohon, Indonesia",1603876139
2020,10,27,22:50:34,-2.344,119.0818,29.9,4.4,"43 km NNE of Mamuju, Indonesia",1603839034
2020,10,27,21:00:39,-2.1839,119.3317,13,4.2,"73 km NE of Mamuju, Indonesia",1603832439
2020,10,27,19:43:52,-2.2332,119.0801,22,5.4,"53 km NNE of Mamuju, Indonesia",1603827832
2020,10,26,08:26:35,0.5849,121.5429,90,5.1,"169 km W of Gorontalo, Indonesia",1603700795
2020,10,25,06:28:07,-0.745,123.2371,17.8,4.7,"55 km ENE of Luwuk, Indonesia",1603607287
2020,10,23,14:18:37,-2.1571,121.025,10,4,"89 km SSE of Poso, Indonesia",1603462717
2020,10,21,19:49:01,-0.1532,124.4835,60.5,4.3,"166 km SSW of Tomohon, Indonesia",1603309741
2020,10,21,17:06:06,0.8661,122.9162,313.9,4.5,"39 km NNW of Gorontalo, Indonesia",1603299966
2020,10,20,19:27:08,-0.1329,124.6576,59.3,4.6,"161 km S of Tomohon, Indonesia",1603222028
2020,10,19,08:22:06,-0.0831,125.8241,10,4.7,"184 km SSE of Tondano, Indonesia",1603095726
2020,10,18,03:51:10,-0.322,122.9749,82.1,4.5,"72 km NNE of Luwuk, Indonesia",1602993070
2020,10,17,20:58:31,-6.0607,122.5599,10,4.5,"124 km S of Katabu, Indonesia",1602968311
2020,10,10,09:08:42,-5.9723,122.6409,10,4.6,"115 km S of Katabu, Indonesia",1602320922
2020,10,09,02:57:20,-6.0536,122.5915,10,5.3,"124 km S of Katabu, Indonesia",1602212240
2020,10,07,18:27:28,0.3473,125.7977,40.2,4.9,"144 km SE of Tondano, Indonesia",1602095248
2020,10,07,11:58:21,0.5764,121.4852,99.1,4.3,"175 km W of Gorontalo, Indonesia",1602071901
2020,10,06,13:17:36,-0.9306,122.1768,44.2,4.8,"68 km W of Luwuk, Indonesia",1601990256
2020,10,02,08:57:00,0.7173,121.3812,75.6,4.2,"188 km W of Gorontalo, Indonesia",1601629020
2020,09,22,07:53:32,-4.6979,125.3986,429.7,4.3,"Banda Sea",1600761212
2020,09,21,10:26:37,-2.683,121.289,46.1,4.4,"126 km ENE of Palopo, Indonesia",1600683997
2020,09,20,15:57:20,2.0118,124.3338,271.2,4,"81 km NW of Manado, Indonesia",1600617440
2020,09,16,18:24:09,-0.167,123.4919,105.8,4.1,"91 km SSE of Gorontalo, Indonesia",1600280649
2020,09,13,16:59:58,-2.0765,119.2329,24.9,4.8,"77 km NNE of Mamuju, Indonesia",1600016398
2020,09,12,13:38:09,0.5543,124.294,140.4,4.5,"101 km SW of Tomohon, Indonesia",1599917889
2020,09,07,08:06:50,0.1122,124.3707,103.7,4.7,"141 km SSW of Tomohon, Indonesia",1599466010
2020,09,06,05:43:22,-1.8502,120.4314,49.1,4,"61 km SW of Poso, Indonesia",1599371002
2020,08,30,12:01:02,0.9794,120.1178,646.8,4.7,"210 km N of Palu, Indonesia",1598788862
2020,08,22,03:44:23,-0.004,123.3979,113.2,4.4,"70 km SSE of Gorontalo, Indonesia",1598067863
2020,08,21,11:35:58,-1.5194,120.0765,10,4.7,"71 km SSE of Palu, Indonesia",1598009758
2020,08,17,21:32:14,-4.6416,123.0994,10,4,"72 km ENE of Katabu, Indonesia",1597699934
2020,08,16,16:11:02,-0.2874,125.2368,35.9,4.7,"179 km SSE of Tondano, Indonesia",1597594262
2020,08,16,06:26:30,1.6852,122.9813,422.7,5.2,"127 km N of Gorontalo, Indonesia",1597559190
2020,08,13,10:06:06,-0.2871,125.3608,38.9,4.4,"183 km SSE of Tondano, Indonesia",1597313166
2020,08,12,18:21:49,1.7102,122.1566,10,4.1,"164 km NW of Gorontalo, Indonesia",1597256509
2020,08,12,17:12:02,-4.6014,125.2477,481.1,4.1,"Banda Sea",1597252322
2020,08,08,16:57:03,1.0756,124.7399,120.8,4.9,"27 km SSW of Tomohon, Indonesia",1596905823
2020,08,05,23:25:26,-4.7031,125.3714,458.3,4.4,"Banda Sea",1596669926
2020,08,02,16:44:25,-0.3408,124.3637,41,5,"174 km SE of Gorontalo, Indonesia",1596386665
2020,08,01,07:56:36,-0.0773,122.9188,148.7,4.5,"69 km SSW of Gorontalo, Indonesia",1596268596
2020,07,29,00:28:30,0.5715,123.6477,243.4,4.2,"65 km E of Gorontalo, Indonesia",1595982510
2020,07,28,17:21:55,-4.7151,122.8717,24.9,4.5,"46 km ENE of Katabu, Indonesia",1595956915
2020,07,23,15:03:01,-2.3744,121.2929,10,4.2,"123 km SSE of Poso, Indonesia",1595516581
2020,07,14,02:59:15,-2.0524,123.0804,10,4.6,"126 km SSE of Luwuk, Indonesia",1594695555
2020,07,13,00:36:13,-2.8817,125.8273,10,4.6,"276 km WNW of Ambon, Indonesia",1594600573
2020,07,11,07:17:00,0.2119,120.7944,109.3,4.8,"160 km NE of Palu, Indonesia",1594451820
2020,07,02,21:47:19,1.9647,122.7519,444.2,4.2,"161 km NNW of Gorontalo, Indonesia",1593726439
2020,06,27,12:04:06,0.5232,123.5902,246.4,4.3,"58 km E of Gorontalo, Indonesia",1593259446
2020,06,23,07:43:29,0.0368,123.7866,109,6,"97 km SE of Gorontalo, Indonesia",1592898209
2020,06,21,07:44:33,0.775,121.7377,77.3,4.2,"149 km W of Gorontalo, Indonesia",1592725473
2020,06,17,11:10:22,-2.7093,122.2145,10,4.9,"144 km NNW of Kendari, Indonesia",1592392222
2020,06,15,23:36:29,-2.7948,122.2814,10,4.9,"120km NNE of Unaaha, Indonesia",1592264189
2020,06,10,20:01:00,-0.685,122.426,14.6,4.9,"49km NW of Luwuk, Indonesia",1591819260
2020,06,08,02:34:32,-0.3799,124.2325,71,5,"89km SSE of Molibagu, Indonesia",1591583672
2020,06,04,09:32:03,1.406,119.1514,10,4.3,"232 km NE of Bontang, Indonesia",1591263123
2020,06,02,16:37:39,2.0584,121.3877,10,4.5,"99km N of Kali, Indonesia",1591115859
2020,05,25,10:42:29,0.3786,125.5488,66.7,4.5,"124km SSE of Bitung, Indonesia",1590403349
2020,05,20,20:50:12,-1.6737,120.2282,70.4,4.3,"55km WSW of Kasiguncu, Indonesia",1590007812
2020,05,18,19:20:00,0.1937,121.0113,158.5,4.4,"175 km NE of Palu, Indonesia",1589829600
2020,05,09,23:43:03,-1.2324,119.6699,10,4.2,"42 km SSW of Palu, Indonesia",1589067783
2020,05,07,01:28:40,0.7472,124.6604,126.1,4.2,"64 km SSW of Tomohon, Indonesia",1588814920
2020,05,01,21:46:48,-0.0596,123.5027,67.7,4.1,"82 km SE of Gorontalo, Indonesia",1588369608
2020,04,30,01:52:36,-0.056,123.7186,54.1,4.5,"98 km SE of Gorontalo, Indonesia",1588211556
2020,04,27,02:11:33,0.7594,123.8454,252.7,4,"90 km ENE of Gorontalo, Indonesia",1587953493
2020,04,26,08:23:37,-3.2148,123.1043,10,4.4,"106 km NE of Kendari, Indonesia",1587889417
2020,04,26,07:36:30,-3.2406,123.1202,10,4.1,"105 km NE of Kendari, Indonesia",1587886590
2020,04,24,20:46:06,0.5142,124.1339,170.2,4.2,"115 km SW of Tomohon, Indonesia",1587761166
2020,04,23,18:07:22,-0.1045,121.9313,277.2,4.2,"133 km NW of Luwuk, Indonesia",1587665242
2020,04,23,04:33:59,1.1539,120.2385,35,4.1,"231 km N of Palu, Indonesia",1587616439
2020,04,23,01:55:34,-1.2197,121.3217,10,4.1,"66 km ENE of Poso, Indonesia",1587606934
2020,04,22,03:38:58,-5.6428,125.4458,538.3,4.4,"Banda Sea",1587526738
2020,04,22,01:02:49,1.1832,123.0114,60.8,3.8,"71 km N of Gorontalo, Indonesia",1587517369
2020,04,20,13:52:44,-5.3432,123.1669,25.8,4.1,"85 km ESE of Katabu, Indonesia",1587390764
2020,04,18,17:45:37,0.366,125.4773,58,4.8,"121 km SSE of Tondano, Indonesia",1587231937
2020,04,13,15:26:17,1.4459,124.4124,223.2,4.2,"48km W of Manado, Indonesia",1586791577
2020,04,13,14:22:21,1.4317,122.7465,35,4.4,"81km NW of Boroko, Indonesia",1586787741
2020,04,08,03:32:03,-1.432,120.0652,9.2,4.5,"63km SSE of Palu, Indonesia",1586316723
2020,04,07,20:17:47,0.1419,124.3107,102.6,4.1,"45km SE of Molibagu, Indonesia",1586290667
2020,04,04,22:42:41,0.0247,123.8749,105.7,4.2,"41km SSW of Molibagu, Indonesia",1586040161
2020,04,03,10:32:47,-3.2545,119.1624,10,4.2,"23km NW of Madette, Indonesia",1585909967
2020,03,30,23:57:07,0.6707,121.5923,99,4.3,"14km N of Lemito, Indonesia",1585612627
2020,03,28,15:43:17,-1.7144,120.1775,10,5.9,"62km WSW of Kasiguncu, Indonesia",1585410197
2020,03,28,02:42:15,-0.1359,125.3058,35,4.2,"138km SE of Modayag, Indonesia",1585363335
2020,03,26,21:58:56,-4.0981,120.0429,10,4.4,"3km NNE of Sengkang, Indonesia",1585259936
2020,03,26,18:17:53,1.3652,123.0134,39.6,4.2,"57km NNW of Boroko, Indonesia",1585246673
2020,03,25,19:29:48,-0.9456,120.8379,42.3,4.2,"50km N of Poso, Indonesia",1585164588
2020,03,24,16:02:36,0.8986,122.6734,49.6,4,"28km NNE of Sidomulyo, Indonesia",1585065756
2020,03,22,08:15:51,1.3375,123.1799,41.8,4.1,"48km NNW of Boroko, Indonesia",1584864951
2020,03,22,03:34:53,1.3369,121.9752,10,5,"51km NE of Bunobogu, Indonesia",1584848093
2020,03,19,10:23:55,-1.35,120.8498,52.9,4.2,"11km ENE of Poso, Indonesia",1584613435
2020,03,13,10:22:13,-0.0109,124.2961,97.6,4.7,"56km SE of Molibagu, Indonesia",1584094933
2020,03,08,21:36:33,0.3149,124.0525,82.4,4,"11km SE of Molibagu, Indonesia",1583703393
2020,03,04,15:51:49,-0.1156,123.0997,116.1,4.2,"56km SSW of Bilungala, Indonesia",1583337109
2020,03,01,00:51:02,-4.4746,125.3471,469.5,4,"150km WSW of Leksula, Indonesia",1583023862
2020,02,29,18:56:03,-0.0391,123.3356,108.9,4.3,"48km SSE of Bilungala, Indonesia",1583002563
2020,02,29,18:30:15,2.1178,125.0063,159.1,4.3,"69km N of Laikit, Laikit II (Dimembe), Indonesia",1583001015
2020,02,28,18:46:40,-0.8065,120.4528,48.1,4.4,"65km E of Palu, Indonesia",1582915600
2020,02,27,02:36:19,0.5518,121.8316,91,4.7,"28km E of Lemito, Indonesia",1582770979
2020,02,25,13:39:40,-2.373,121.0103,10,4.2,"25km ENE of Wonorejo, Indonesia",1582637980
2020,02,23,03:39:52,-0.2256,125.2078,17.8,4.9,"138km SE of Modayag, Indonesia",1582429192
2020,02,23,02:08:04,-0.1918,125.189,21.2,5.3,"134km SE of Lolayan, Indonesia",1582423684
2020,02,19,09:47:20,-0.0968,122.9857,122,4.6,"58km SSW of Bilungala, Indonesia",1582105640
2020,02,14,17:03:41,-0.0279,123.1908,156.1,4.2,"45km S of Bilungala, Indonesia",1581699821
2020,02,13,18:54:18,-1.2331,120.1908,10,4.1,"51km SE of Palu, Indonesia",1581620058
2020,02,12,10:04:26,-1.937,122.5758,35,4.3,"111km SSW of Luwuk, Indonesia",1581501866
2020,02,12,08:41:20,0.8509,124.8406,119.4,4,"42km E of Tompasobaru, Indonesia",1581496880
2020,02,11,15:13:27,0.1378,123.5999,147.2,4.2,"50km WSW of Molibagu, Indonesia",1581434007
2020,02,11,03:04:56,0.0863,123.6923,124.5,4.2,"46km SW of Molibagu, Indonesia",1581390296
2020,02,04,23:38:11,0.0844,123.426,143.7,4.4,"40km SE of Bilungala, Indonesia",1580859491
2020,02,04,10:53:01,0.8172,119.4955,10,4.4,"86km W of Ogotua, Indonesia",1580813581
2020,02,03,12:12:38,-0.2249,125.2118,35,4.9,"138km SE of Modayag, Indonesia",1580731958
2020,02,01,22:18:50,0.5935,120.6428,68.9,4.7,"24km SSE of Tinabogan, Indonesia",1580595530
2020,01,25,03:30:55,-0.1007,121.9569,274,4.2,"81km SSW of Tilamuta, Indonesia",1579923055
2020,01,23,08:25:58,-0.0424,123.0684,102.2,4.4,"49km SSW of Bilungala, Indonesia",1579767958
2020,01,20,21:12:34,0.327,122.3478,172.5,4.2,"22km S of Tilamuta, Indonesia",1579554754
2020,01,19,16:58:20,-0.1042,123.8025,121.7,6.1,"57km SSW of Molibagu, Indonesia",1579453100
2020,01,19,12:10:49,0.0114,123.2676,142.6,4.4,"41km S of Bilungala, Indonesia",1579435849
2020,01,18,03:31:18,0.3013,124.9058,79.1,4.5,"73km SE of Modayag, Indonesia",1579318278
2020,01,11,12:30:22,-0.0522,122.8892,146.2,4.5,"60km SW of Bilungala, Indonesia",1578745822
2020,01,07,20:20:14,2.1799,124.1572,294.4,4.4,"108km NW of Manado, Indonesia",1578428414
2020,01,03,03:09:31,-0.12,125.0153,60.4,4.4,"115km SE of Lolayan, Indonesia",1578020971
2020,01,02,11:25:04,-5.7527,124.976,10,5.6,"264km E of Baubau, Indonesia",1577964304
2020,01,01,12:28:34,0.1936,121.5572,141.3,4.1,"38km S of Lemito, Indonesia",1577881714
2019,12,31,09:50:41,0.0527,123.5328,129.1,4.3,"50km SE of Bilungala, Indonesia",1577785841
2019,12,31,05:18:24,1.1925,120.7313,34.2,4.8,"19km NNW of Tolitoli, Indonesia",1577769504
2019,12,29,04:55:03,-0.0873,123.0675,111.5,4.3,"54km SSW of Bilungala, Indonesia",1577595303
2019,12,25,00:56:45,-1.5272,120.1421,10,4.6,"58km WSW of Kasiguncu, Indonesia",1577235405
2019,12,23,15:36:16,0.0683,123.0159,160.2,4.2,"41km SSW of Bilungala, Indonesia",1577115376
2019,12,20,14:34:05,-2.7388,122.3616,10,4.3,"128km NNE of Unaaha, Indonesia",1576852445
2019,12,18,11:42:43,-0.9076,121.44,10,3.7,"93km NE of Poso, Indonesia",1576669363
2019,12,16,04:13:23,0.045,123.9303,115.6,4.5,"38km S of Molibagu, Indonesia",1576469603
2019,12,11,17:48:30,-0.1204,125.2274,31.1,5,"131km SE of Modayag, Indonesia",1576086510
2019,12,11,02:13:12,-0.2306,124.469,69.2,5,"87km SE of Molibagu, Indonesia",1576030392
2019,12,10,00:16:50,0.1251,121.6945,179.5,4.1,"48km SSE of Lemito, Indonesia",1575937010
2019,12,03,11:24:24,0.5977,122.2725,93.7,5,"11km NW of Tilamuta, Indonesia",1575372264
2019,12,02,13:41:14,0.6393,123.5768,242.2,4.3,"27km S of Pimpi, Indonesia",1575294074
2019,11,28,16:13:39,-0.1757,124.5698,49.4,5.1,"90km SE of Molibagu, Indonesia",1574957619
2019,11,26,18:45:13,-6.1264,124.1552,622.6,4.2,"186km ESE of Baubau, Indonesia",1574793913
2019,11,24,14:48:06,-0.0811,124.3058,64.8,4.9,"62km SE of Molibagu, Indonesia",1574606886
2019,11,23,08:22:20,-2.6142,121.9563,10,4.1,"95km E of Malili, Indonesia",1574497340
2019,11,23,07:50:38,-2.6684,122.0326,10,4.4,"104km E of Malili, Indonesia",1574495438
2019,11,21,18:21:43,-0.003,125.3163,35,4.1,"130km SE of Modayag, Indonesia",1574360503
2019,11,20,04:37:26,0.0264,124.7113,35,4.1,"81km SSE of Lolayan, Indonesia",1574224646
2019,11,18,13:13:58,0.3997,122.0518,193,4.7,"35km WSW of Tilamuta, Indonesia",1574082838
2019,11,16,18:34:50,0.4667,123.899,159.2,4.7,"12km NW of Molibagu, Indonesia",1573929290
2019,11,15,05:06:10,0.6648,122.5998,94,4.2,"2km NW of Sidomulyo, Indonesia",1573794370
2019,11,14,21:39:55,1.1234,125.1415,35,4.6,"32km SE of Tondano, Indonesia",1573767595
2019,11,14,14:40:21,-1.2338,120.8435,10,4.6,"20km NNE of Poso, Indonesia",1573742421
2019,11,13,02:20:09,0.7951,121.9485,64.5,4.4,"46km SE of Bunobogu, Indonesia",1573611609
2019,11,12,02:48:26,0.9653,123.609,29.8,4.7,"11km NE of Pimpi, Indonesia",1573526906
2019,11,09,05:37:38,0.0539,123.8943,104.6,4.3,"38km SSW of Molibagu, Indonesia",1573277858
2019,11,03,03:32:56,2.1325,121.7259,549.4,4.4,"112km NNE of Kali, Indonesia",1572751976
2019,10,29,07:29:05,1.7974,122.9111,437.8,4.3,"106km NNW of Boroko, Indonesia",1572334145
2019,10,29,06:45:31,-0.0309,123.1042,145.1,4.9,"47km SSW of Bilungala, Indonesia",1572331531
2019,10,28,02:51:47,0.0741,122.9768,167.7,4,"43km SW of Bilungala, Indonesia",1572231107
2019,10,25,17:11:32,-0.1115,124.7249,62,4.3,"95km SSE of Lolayan, Indonesia",1572023492
2019,10,24,20:49:22,1.2613,125.687,88.9,4.2,"59km ESE of Bitung, Indonesia",1571950162
2019,10,24,13:38:16,1.1847,124.2015,241,5.6,"22km NNW of Poigar, Indonesia",1571924296
2019,10,23,12:53:25,0.4494,120.9639,94,4,"61km SE of Tinabogan, Indonesia",1571835205
2019,10,19,17:11:36,-0.0684,123.3447,117.9,4.2,"51km SSE of Bilungala, Indonesia",1571505096
2019,10,13,19:35:12,-0.1053,124.7668,30,5.1,"97km SSE of Lolayan, Indonesia",1570995312
2019,10,11,18:22:47,0.3144,123.4532,216.8,4,"27km ESE of Bilungala, Indonesia",1570818167
2019,10,11,15:01:50,-4.7161,125.2902,482.8,4.7,"171km SW of Leksula, Indonesia",1570806110
2019,10,04,00:45:58,1.3842,125.6967,57.9,4.7,"57km E of Bitung, Indonesia",1570149958
2019,10,03,01:13:12,-2.4733,119.5005,35,4.4,"1km ENE of Kalumpang, Indonesia",1570065192
2019,09,30,06:53:00,-0.1975,124.7617,70.3,4.3,"106km SSE of Lolayan, Indonesia",1569826380
2019,09,21,04:25:25,-5.2356,125.2084,10,4.2,"216km SW of Leksula, Indonesia",1569039925
2019,09,19,06:46:23,2.0944,125.4145,119,4.4,"76km NNE of Bitung, Indonesia",1568875583
2019,09,17,14:37:58,0.2797,122.2413,148.4,4.5,"29km SSW of Tilamuta, Indonesia",1568731078
2019,09,17,10:30:06,0.4079,125.508,55.3,4.7,"119km SSE of Tondano, Indonesia",1568716206
2019,09,13,03:02:15,2.1409,122.7437,461.7,4.4,"148km NNW of Boroko, Indonesia",1568343735
2019,08,29,10:53:06,0.0128,123.7874,123.7,4.5,"46km SSW of Molibagu, Indonesia",1567075986
2019,08,27,13:00:30,-4.5943,123.9154,20,4.8,"159km ENE of Katabu, Indonesia",1566910830
2019,08,27,06:31:23,1.2165,122.1677,52,4.6,"64km ENE of Bunobogu, Indonesia",1566887483
2019,08,26,19:48:10,0.8232,123.9249,251.8,4.2,"11km WSW of Lolak, Indonesia",1566848890
2019,08,26,11:00:44,-1.82,120.6466,55.1,4.8,"28km N of Pendolo, Indonesia",1566817244
2019,08,17,04:00:22,1.5812,124.6727,231.7,4.2,"21km WNW of Manado, Indonesia",1566014422
2019,08,12,13:00:11,-4.5158,125.5878,431.9,4.1,"131km SW of Leksula, Indonesia",1565614811
2019,08,10,12:59:15,0.3695,120.1407,567.3,4.6,"62km SW of Tinabogan, Indonesia",1565441955
2019,08,08,16:05:31,1.3847,118.9874,19.9,4.7,"149km WNW of Ogotua, Indonesia",1565280331
2019,08,07,18:15:23,-0.0368,123.8884,93.9,4.2,"47km SSW of Molibagu, Indonesia",1565201723
2019,08,04,18:08:25,-0.2732,122.9363,100.7,4.6,"76km NNE of Luwuk, Indonesia",1564942105
2019,08,04,13:31:12,0.3485,122.2377,163.7,4.4,"23km SSW of Tilamuta, Indonesia",1564925472
2019,08,02,05:56:13,-4.5071,125.443,466.4,4.4,"143km SW of Leksula, Indonesia",1564725373
2019,08,01,20:35:22,1.1089,121.7875,37.7,5,"20km ENE of Bunobogu, Indonesia",1564691722
2019,07,29,18:34:32,1.193,120.5759,35,4,"31km WNW of Tolitoli, Indonesia",1564425272
2019,07,27,05:19:48,0.0204,125.7162,41.7,4.8,"166km ESE of Modayag, Indonesia",1564204788
2019,07,27,05:17:37,-0.0062,125.8187,41.3,4.6,"175km SSE of Bitung, Indonesia",1564204657
2019,07,27,03:13:57,0.8615,125.7026,10,4.2,"86km SE of Bitung, Indonesia",1564197237
2019,07,26,05:59:26,-2.9973,119.4001,10,4.5,"6km SSE of Mamasa, Indonesia",1564120766
2019,07,24,14:05:19,-2.0332,122.6636,10,4.3,"120km S of Luwuk, Indonesia",1563977119
2019,07,18,09:55:06,0.0576,125.8005,59.5,4.1,"168km SSE of Bitung, Indonesia",1563443706
2019,07,11,16:31:25,-0.2916,124.2773,59,4.5,"81km SSE of Molibagu, Indonesia",1562862685
2019,07,11,10:09:21,0.4371,125.7763,35,4.4,"129km SSE of Bitung, Indonesia",1562839761
2019,07,09,00:27:16,-0.1405,125.0514,43.6,4.6,"119km SE of Modayag, Indonesia",1562632036
2019,07,08,17:52:54,0.3501,121.0927,93.8,4.1,"57km WSW of Lemito, Indonesia",1562608374
2019,07,03,14:18:54,0.8456,123.1273,62.3,4.6,"17km WSW of Boroko, Indonesia",1562163534
2019,07,02,14:51:36,-3.0629,119.3536,28.6,4.5,"13km S of Mamasa, Indonesia",1562079096
2019,07,01,09:20:27,-1.8686,120.6009,10,4.6,"24km NNW of Pendolo, Indonesia",1561972827
2019,06,28,18:07:33,-1.9358,122.6044,35,4.9,"110km S of Luwuk, Indonesia",1561745253
2019,06,28,13:21:54,-2.6021,121.7686,10,4.7,"75km E of Malili, Indonesia",1561728114
2019,06,27,20:16:07,0.08,123.944,119.4,4.2,"34km S of Molibagu, Indonesia",1561666567
2019,06,27,10:31:27,-0.6853,121.8911,25.6,4.5,"104km WNW of Luwuk, Indonesia",1561631487
2019,06,25,20:32:17,0.2479,124.1685,118.7,4.5,"25km SE of Molibagu, Indonesia",1561494737
2019,06,24,08:17:07,-0.1196,124.4328,87.1,4.7,"75km SE of Molibagu, Indonesia",1561364227
2019,06,24,00:55:26,-1.5081,120.359,10,4.5,"34km WSW of Kasiguncu, Indonesia",1561337726
2019,06,23,09:53:52,2.1106,125.6148,79.7,4.3,"87km NNE of Bitung, Indonesia",1561283632
2019,06,12,01:30:34,-0.5342,121.8024,10,4.2,"118km WNW of Luwuk, Indonesia",1560303034
2019,06,11,21:55:36,-4.6648,125.6057,446,4,"140km SW of Leksula, Indonesia",1560290136
2019,06,10,23:02:17,0.3411,120.4008,13.8,4.7,"50km SSW of Tinabogan, Indonesia",1560207737
2019,06,09,14:27:17,-2.9579,119.4304,29.6,4.5,"6km ESE of Mamasa, Indonesia",1560090437
2019,06,04,14:33:10,-1.8217,122.6049,12.9,4.8,"98km SSW of Luwuk, Indonesia",1559658790
2019,06,01,16:14:05,-1.7584,122.6786,35,5,"90km S of Luwuk, Indonesia",1559405645
2019,05,31,13:55:32,-6.078,122.4128,10,4.9,"71km SSW of Baubau, Indonesia",1559310932
2019,05,31,13:32:02,-1.6469,124.2065,58.2,4.4,"38km NNW of Bobong, Indonesia",1559309522
2019,05,30,18:17:04,0.3006,122.1073,170,4.5,"36km SW of Tilamuta, Indonesia",1559240224
2019,05,27,13:34:00,0.3837,122.079,190.4,4.6,"33km WSW of Tilamuta, Indonesia",1558964040
2019,05,26,10:33:41,0.3449,125.4166,63.3,4.8,"120km SSE of Tondano, Indonesia",1558866821
2019,05,21,18:42:47,0.9859,122.0922,49,5.1,"53km E of Bunobogu, Indonesia",1558464167
2019,05,19,14:53:37,-0.491,121.8876,10,4.1,"112km WNW of Luwuk, Indonesia",1558277617
2019,05,16,05:33:35,-1.8236,122.643,10,4.4,"97km S of Luwuk, Indonesia",1557984815
2019,05,11,23:43:42,0.5778,122.3185,112.7,4.6,"6km NNW of Tilamuta, Indonesia",1557618222
2019,05,11,01:30:23,-1.8217,122.5925,10,4.6,"98km SSW of Luwuk, Indonesia",1557538223
2019,05,08,12:15:16,-1.7853,122.6272,10,4.7,"93km S of Luwuk, Indonesia",1557317716
2019,05,07,21:28:44,0.7164,125.4587,83.1,4,"86km SSE of Bitung, Indonesia",1557264524
2019,05,05,16:25:52,-1.9922,122.5255,10,4.7,"118km SSW of Luwuk, Indonesia",1557073552
2019,05,05,12:33:22,1.7978,125.6095,110.8,4.4,"61km NE of Bitung, Indonesia",1557059602
2019,05,05,08:57:22,-0.1139,124.4864,61.6,4.2,"78km SE of Molibagu, Indonesia",1557046642
2019,05,04,21:02:10,1.9846,123.6614,327,5.7,"122km N of Pimpi, Indonesia",1557003730
2019,05,01,04:47:03,-1.8124,122.7231,35,4.6,"95km S of Luwuk, Indonesia",1556686023
2019,04,29,21:33:44,-1.8353,122.6605,10,4.4,"98km S of Luwuk, Indonesia",1556573624
2019,04,28,01:23:01,0.2251,121.4067,180.9,4.1,"39km SSW of Lemito, Indonesia",1556414581
2019,04,25,21:57:46,-1.9244,122.4903,10,5.4,"112km SSW of Luwuk, Indonesia",1556229466
2019,04,24,18:22:41,-1.7707,122.5894,10,4.7,"93km SSW of Luwuk, Indonesia",1556130161
2019,04,22,13:52:16,-1.7919,122.6271,10,4.6,"94km S of Luwuk, Indonesia",1555941136
2019,04,21,02:55:25,-1.8537,122.6178,10,4.3,"101km S of Luwuk, Indonesia",1555815325
2019,04,20,00:55:36,-1.9533,122.5877,10,5,"112km SSW of Luwuk, Indonesia",1555721736
2019,04,18,21:31:44,1.6751,125.211,170.1,4.5,"25km N of Bitung, Indonesia",1555623104
2019,04,18,12:20:15,-2.1092,122.4333,10,4.1,"133km SSW of Luwuk, Indonesia",1555590015
2019,04,17,05:39:09,-1.7738,122.6171,10,4.5,"92km SSW of Luwuk, Indonesia",1555479549
2019,04,16,23:12:44,0.8801,120.1443,27.2,4.6,"15km WSW of Ogotua, Indonesia",1555456364
2019,04,16,16:44:54,-1.7761,122.6285,10,4.4,"92km S of Luwuk, Indonesia",1555433094
2019,04,16,15:44:24,-0.0569,122.4696,259.3,4.6,"66km SSE of Tilamuta, Indonesia",1555429464
2019,04,15,16:26:14,1.3165,121.0624,35,4.5,"41km NE of Tolitoli, Indonesia",1555345574
2019,04,15,03:09:21,-1.8195,122.8023,10,4.4,"95km S of Luwuk, Indonesia",1555297761
2019,04,14,17:17:30,-2.0042,122.5692,10,4.6,"118km SSW of Luwuk, Indonesia",1555262250
2019,04,13,11:56:21,1.1006,119.3546,14.8,4.4,"102km W of Ogotua, Indonesia",1555156581
2019,04,13,05:26:45,-1.7695,122.687,10,4.9,"91km S of Luwuk, Indonesia",1555133205
2019,04,13,05:26:14,-1.8347,122.5799,10,5,"100km SSW of Luwuk, Indonesia",1555133174
2019,04,13,04:23:27,-1.8832,122.6442,10,4.5,"104km S of Luwuk, Indonesia",1555129407
2019,04,13,02:29:46,-1.8276,122.73,10,4.4,"97km S of Luwuk, Indonesia",1555122586
2019,04,12,22:59:27,-1.9204,122.6147,9.7,4.8,"108km S of Luwuk, Indonesia",1555109967
2019,04,12,22:39:31,-1.8008,122.658,12.4,4.3,"94km S of Luwuk, Indonesia",1555108771
2019,04,12,20:15:07,-1.8534,122.6149,15.1,4.8,"101km S of Luwuk, Indonesia",1555100107
2019,04,12,18:23:17,-1.7743,122.6131,23.8,4.4,"93km SSW of Luwuk, Indonesia",1555093397
2019,04,12,16:01:21,-2.1103,122.8764,10,4.1,"128km S of Luwuk, Indonesia",1555084881
2019,04,12,15:08:28,-1.8633,122.7054,10,4.6,"101km S of Luwuk, Indonesia",1555081708
2019,04,12,13:31:34,-1.9287,122.7688,10,4.4,"108km S of Luwuk, Indonesia",1555075894
2019,04,12,13:23:40,-1.8277,122.6376,10,4.3,"98km S of Luwuk, Indonesia",1555075420
2019,04,12,13:10:09,-1.7632,122.5713,10,4.3,"92km SSW of Luwuk, Indonesia",1555074609
2019,04,12,12:14:57,-1.8302,122.4454,10,4.7,"104km SSW of Luwuk, Indonesia",1555071297
2019,04,12,12:12:12,-1.8533,122.5759,10,5.4,"102km SSW of Luwuk, Indonesia",1555071132
2019,04,12,12:03:54,-1.9853,122.5189,10,4.7,"118km SSW of Luwuk, Indonesia",1555070634
2019,04,12,11:50:11,-1.6602,122.6107,10,5.3,"80km SSW of Luwuk, Indonesia",1555069811
2019,04,12,11:45:36,-1.8614,122.6143,10,5.7,"102km S of Luwuk, Indonesia",1555069536
2019,04,12,11:40:49,-1.8146,122.5798,15.5,6.8,"98km SSW of Luwuk, Indonesia",1555069249
2019,04,07,19:45:33,0.8947,123.2341,45.2,4.8,"4km WSW of Boroko, Indonesia",1554666333
2019,04,04,18:53:49,-0.3009,124.1982,35.7,4.1,"79km SSE of Molibagu, Indonesia",1554404029
2019,04,02,16:31:38,-1.3292,120.1576,10,4.4,"56km W of Kasiguncu, Indonesia",1554222698
2019,03,27,00:33:44,0.4148,123.9474,202,4.6,"5km NW of Molibagu, Indonesia",1553646824
2019,03,26,02:39:00,-1.8043,120.6408,10,4.5,"30km N of Pendolo, Indonesia",1553567940
2019,03,25,14:50:48,-1.4686,120.1033,10,4.2,"61km W of Kasiguncu, Indonesia",1553525448
2019,03,24,22:11:40,-1.3902,123.5077,10,4.4,"93km ESE of Luwuk, Indonesia",1553465500
2019,03,24,11:01:58,-0.6414,121.8828,10,4.7,"106km WNW of Luwuk, Indonesia",1553425318
2019,03,24,01:32:00,-1.8703,120.5238,10,5.5,"28km NW of Pendolo, Indonesia",1553391120
2019,03,22,19:10:46,-2.1601,120.5464,10,4.4,"18km WSW of Pendolo, Indonesia",1553281846
2019,03,21,05:16:14,-1.3293,120.1082,10,4.1,"55km SSE of Palu, Indonesia",1553145374
2019,03,16,15:46:28,-1.4616,120.1654,10,4.5,"54km W of Kasiguncu, Indonesia",1552751188
2019,03,14,08:51:28,-2.8067,122.0924,10,4.3,"112km E of Malili, Indonesia",1552553488
2019,03,13,11:36:09,0.3754,122.2193,161.8,4.5,"21km SW of Tilamuta, Indonesia",1552476969
2019,03,13,01:51:18,0.2162,119.7834,35,5,"98km SSW of Ogotua, Indonesia",1552441878
2019,03,13,01:50:48,0.1111,119.7511,35,4.3,"109km SSW of Ogotua, Indonesia",1552441848
2019,03,12,15:18:39,-3.005,118.9901,10,4,"14km E of Malunda, Indonesia",1552403919
2019,03,08,21:52:42,-0.3773,124.9043,51.9,4.3,"131km SSE of Lolayan, Indonesia",1552081962
2019,03,04,23:13:30,-2.4517,121.576,10,4.4,"57km ENE of Malili, Indonesia",1551741210
2019,03,04,18:13:02,-2.4413,121.4417,10,4.8,"44km ENE of Malili, Indonesia",1551723182
2019,03,03,10:45:06,-1.491,120.1639,10,4.9,"55km W of Kasiguncu, Indonesia",1551609906
2019,03,01,23:23:11,-0.1082,125.1309,54.3,4.3,"122km SE of Modayag, Indonesia",1551482591
2019,02,27,17:40:06,-1.1068,123.7204,10,4.2,"105km E of Luwuk, Indonesia",1551289206
2019,02,26,13:28:39,-1.7316,124.303,31.6,4,"25km NNW of Bobong, Indonesia",1551187719
2019,02,24,13:29:33,0.4927,122.1832,97.7,5.1,"18km WSW of Tilamuta, Indonesia",1551014973
2019,02,23,05:23:38,-5.9574,125.3247,560.7,4,"274km SSW of Leksula, Indonesia",1550899418
2019,02,22,18:10:06,1.7114,124.0481,302.5,4.1,"83km NNW of Poigar, Indonesia",1550859006
2019,02,20,01:52:23,0.125,119.7072,40.3,4.3,"111km SSW of Ogotua, Indonesia",1550627543
2019,02,17,22:40:39,-4.118,121.3536,10,4.6,"81km WSW of Unaaha, Indonesia",1550443239
2019,02,17,22:23:40,-0.156,124.4118,75.3,4.6,"76km SE of Molibagu, Indonesia",1550442220
2019,02,15,03:10:37,-0.1504,122.7415,89.1,4.3,"78km SW of Bilungala, Indonesia",1550200237
2019,02,05,20:35:14,-0.3551,122.983,72.3,4.5,"69km NNE of Luwuk, Indonesia",1549398914
2019,02,03,09:04:14,0.0857,124.4082,72.3,4.5,"57km SE of Molibagu, Indonesia",1549184654
2019,02,02,01:11:00,0.3751,125.4444,51,5.3,"118km SSE of Tondano, Indonesia",1549069860
2019,01,30,11:35:39,-1.8379,119.5132,10,4.5,"43km NE of Babana, Indonesia",1548848139
2019,01,28,04:18:33,0.2832,121.5747,158.5,4.2,"28km S of Lemito, Indonesia",1548649113
2019,01,21,10:45:55,-0.1751,123.3579,103,4.3,"63km SSE of Bilungala, Indonesia",1548067555
2019,01,19,06:07:00,0.0338,123.7075,128,4.2,"49km SW of Molibagu, Indonesia",1547878020
2019,01,14,11:59:30,1.8319,121.3196,34,4.2,"74km N of Kali, Indonesia",1547467170
2019,01,11,06:27:32,1.7335,125.8441,77.1,4.1,"80km ENE of Bitung, Indonesia",1547188052
2019,01,09,10:14:43,-1.3697,119.7727,10,4.2,"53km SSW of Palu, Indonesia",1547028883
2019,01,06,20:20:25,-3.0054,119.4497,43.1,4.4,"10km SE of Mamasa, Indonesia",1546806025
2019,01,05,18:37:29,0.1062,121.7926,121.9,4.4,"54km SSE of Lemito, Indonesia",1546713449
2018,12,27,17:12:26,0.4084,122.6406,104.9,4.2,"25km SSE of Molobulahe, Indonesia",1545930746
2018,12,26,04:03:40,0.4047,122.6062,140.2,4.7,"25km S of Molobulahe, Indonesia",1545797020
2018,12,26,03:26:41,0.7688,122.2493,102.1,4.3,"28km NNW of Tilamuta, Indonesia",1545794801
2018,12,25,20:36:09,-1.3269,119.8171,10,4.4,"48km S of Palu, Indonesia",1545770169
2018,12,22,16:13:29,0.5568,121.7622,101.5,4.6,"21km E of Lemito, Indonesia",1545495209
2018,12,21,02:22:24,0.2015,120.1393,63.5,4.5,"77km SSW of Tinabogan, Indonesia",1545358944
2018,12,19,11:25:09,-0.147,124.3753,65.8,5,"73km SE of Molibagu, Indonesia",1545218709
2018,12,18,16:32:04,1.2161,124.1353,261.7,4.3,"29km NW of Poigar, Indonesia",1545150724
2018,12,16,22:06:50,-3.8458,120.2178,43.2,4.5,"24km NNW of Jalang, Indonesia",1544998010
2018,12,14,19:27:26,-0.0399,122.9645,147.9,5.2,"54km SSW of Bilungala, Indonesia",1544815646
2018,12,13,17:17:07,-2.9585,119.3639,10,4.5,"2km SW of Mamasa, Indonesia",1544721427
2018,12,13,04:41:50,-3.0102,119.66,58.1,4.7,"12km WNW of Tangratte, Indonesia",1544676110
2018,12,13,04:25:52,-2.8942,119.4051,10,4.9,"6km NNE of Mamasa, Indonesia",1544675152
2018,12,11,11:23:24,-0.1177,124.482,46.4,5.1,"78km SE of Molibagu, Indonesia",1544527404
2018,12,10,13:47:16,0.9249,125.3222,71.4,4.5,"59km SSE of Bitung, Indonesia",1544449636
2018,12,10,01:26:13,0.7415,125.3622,75.7,4.8,"79km SE of Tondano, Indonesia",1544405173
2018,12,08,02:52:14,0.1796,121.1496,140.9,4.4,"61km SW of Lemito, Indonesia",1544237534
2018,12,05,08:01:41,-2.9901,119.3243,32,4.4,"7km SW of Mamasa, Indonesia",1543996901
2018,12,02,02:50:11,0.0195,123.54,158.2,4.5,"54km SE of Bilungala, Indonesia",1543719011
2018,11,29,07:07:38,0.0545,125.1666,69.1,4.7,"113km SE of Modayag, Indonesia",1543475258
2018,11,28,20:15:41,0.9076,125.3689,51.4,4.6,"62km SSE of Bitung, Indonesia",1543436141
2018,11,23,20:41:17,-1.537,119.5836,47.6,4.4,"73km NE of Babana, Indonesia",1543005677
2018,11,21,06:39:13,0.9879,125.3238,69.4,4.7,"52km SSE of Bitung, Indonesia",1542782353
2018,11,20,04:54:18,-2.9254,119.1695,10,4.3,"2km NNW of Mambi, Indonesia",1542689658
2018,11,20,01:38:14,-2.9884,119.4665,10,4.5,"11km ESE of Mamasa, Indonesia",1542677894
2018,11,19,19:06:43,0.6578,123.916,187,4.4,"19km WNW of Dumoga, Indonesia",1542654403
2018,11,18,11:22:42,-3.0178,119.4236,10,4.4,"9km SSE of Mamasa, Indonesia",1542540162
2018,11,16,08:02:49,-2.9749,119.4845,10,4.3,"12km ESE of Mamasa, Indonesia",1542355369
2018,11,15,03:55:01,-2.893,119.4115,10,4.8,"6km NE of Mamasa, Indonesia",1542254101
2018,11,15,00:34:15,-2.9058,119.3407,10,4,"5km NW of Mamasa, Indonesia",1542242055
2018,11,14,23:31:25,-2.9329,119.3294,10,4.9,"5km W of Mamasa, Indonesia",1542238285
2018,11,14,23:25:16,-2.8829,119.4737,14.7,4.4,"12km ENE of Mamasa, Indonesia",1542237916
2018,11,14,23:10:08,-2.9814,119.4348,10,4.5,"7km SE of Mamasa, Indonesia",1542237008
2018,11,14,23:01:21,-2.9068,119.3922,14,5.5,"4km NNE of Mamasa, Indonesia",1542236481
2018,11,14,21:20:40,-2.9551,119.427,18.8,4.3,"5km ESE of Mamasa, Indonesia",1542230440
2018,11,13,22:41:24,-0.3573,125.3143,10,4.4,"157km SE of Modayag, Indonesia",1542148884
2018,11,13,19:04:08,-1.832,120.9505,33.3,4.4,"39km NE of Pendolo, Indonesia",1542135848
2018,11,12,20:38:58,-1.7631,120.4711,10,4.7,"41km NW of Pendolo, Indonesia",1542055138
2018,11,12,08:27:02,-3.0796,119.8119,35,4,"5km WNW of Makale, Indonesia",1542011222
2018,11,11,16:34:14,-3.0792,119.0604,26.2,4,"19km SW of Mambi, Indonesia",1541954054
2018,11,10,18:37:11,0.1927,123.0848,192.7,4.2,"25km SW of Bilungala, Indonesia",1541875031
2018,11,10,10:17:43,-2.9015,119.4402,10,4.3,"8km ENE of Mamasa, Indonesia",1541845063
2018,11,10,01:58:46,-0.8292,123.4588,10,4.7,"75km E of Luwuk, Indonesia",1541815126
2018,11,09,02:42:04,-2.4146,122.7775,10,4.4,"161km S of Luwuk, Indonesia",1541731324
2018,11,08,18:42:54,-2.8147,119.5045,10,4.6,"19km NE of Mamasa, Indonesia",1541702574
2018,11,08,13:40:14,-2.9289,119.4235,10,5,"5km ENE of Mamasa, Indonesia",1541684414
2018,11,07,12:40:43,-3.0353,119.5683,10,4.4,"21km W of Tangratte, Indonesia",1541594443
2018,11,07,12:37:34,-2.8015,119.1669,10,4.2,"16km N of Mambi, Indonesia",1541594254
2018,11,07,09:53:13,-2.9261,119.7537,10,4.3,"7km WSW of Rindingallo, Indonesia",1541584393
2018,11,07,09:42:25,-2.9201,119.4083,9,5.2,"4km NE of Mamasa, Indonesia",1541583745
2018,11,06,14:47:12,-2.9072,119.3894,10,4.4,"4km NNE of Mamasa, Indonesia",1541515632
2018,11,06,03:18:39,-2.9358,119.4255,10,4.5,"5km E of Mamasa, Indonesia",1541474319
2018,11,05,18:35:53,-2.917,119.4776,10,5.1,"11km ENE of Mamasa, Indonesia",1541442953
2018,11,05,15:21:25,0.4436,125.4667,68.8,4.7,"113km SSE of Tondano, Indonesia",1541431285
2018,11,03,22:14:24,-2.9227,119.3981,10,4.4,"3km NE of Mamasa, Indonesia",1541283264
2018,11,03,21:39:12,-2.9459,119.4901,10,4.7,"12km E of Mamasa, Indonesia",1541281152
2018,11,03,08:44:06,-2.9068,119.4558,10,4.8,"9km ENE of Mamasa, Indonesia",1541234646
2018,11,03,05:04:01,-2.9941,119.4916,10,4.4,"13km ESE of Mamasa, Indonesia",1541221441
2018,11,03,02:30:13,-2.9633,119.4107,10,4.4,"4km ESE of Mamasa, Indonesia",1541212213
2018,11,02,21:33:36,-1.2599,120.4924,10,4.9,"25km NW of Kasiguncu, Indonesia",1541194416
2018,11,02,21:06:31,-1.3005,120.5598,10,4.9,"17km NW of Kasiguncu, Indonesia",1541192791
2018,11,02,03:04:46,-1.2217,120.5391,10,4.8,"25km NNW of Kasiguncu, Indonesia",1541127886
2018,10,25,18:02:40,-4.6781,125.2771,477.4,4.2,"169km SW of Leksula, Indonesia",1540490560
2018,10,24,03:01:22,-1.6077,120.4253,10,4.6,"32km SW of Kasiguncu, Indonesia",1540350082
2018,10,23,08:14:09,-0.4192,120.0099,10,4.6,"54km NNE of Palu, Indonesia",1540282449
2018,10,22,16:13:12,-1.7436,120.2024,10,4.7,"61km SW of Kasiguncu, Indonesia",1540224792
2018,10,22,16:07:48,-1.6687,120.18,10,5.1,"59km WSW of Kasiguncu, Indonesia",1540224468
2018,10,21,04:29:00,-1.4006,120.6546,10,4.7,"2km N of Kasiguncu, Indonesia",1540096140
2018,10,21,02:58:02,-1.3743,120.5167,10,4.3,"16km WNW of Kasiguncu, Indonesia",1540090682
2018,10,20,05:21:14,-1.8253,120.5779,10,4.4,"30km NNW of Pendolo, Indonesia",1540012874
2018,10,20,04:15:22,1.6693,123.9088,310,4.4,"85km NNW of Poigar, Indonesia",1540008922
2018,10,16,19:06:15,-1.5498,120.2638,10,4.4,"45km WSW of Kasiguncu, Indonesia",1539716775
2018,10,13,04:34:14,1.5153,125.3094,97.2,5.2,"16km ENE of Bitung, Indonesia",1539405254
2018,10,11,11:53:54,-1.6403,120.1718,10,4.4,"59km WSW of Kasiguncu, Indonesia",1539258834
2018,10,10,17:34:23,1.2182,121.5563,10,4.9,"15km ENE of Kali, Indonesia",1539192863
2018,10,10,07:25:20,-0.2498,120.1481,10,4.1,"77km NNE of Palu, Indonesia",1539156320
2018,10,08,21:59:54,-1.3687,120.528,10,4.6,"15km WNW of Kasiguncu, Indonesia",1539035994
2018,10,08,21:16:05,-1.1456,119.7717,10,5.2,"30km SSW of Palu, Indonesia",1539033365
2018,10,08,21:15:46,-0.8983,119.9727,10,4.8,"11km E of Palu, Indonesia",1539033346
2018,10,07,06:40:33,-5.6418,120.6062,10,4.2,"69km SE of Sinjai, Indonesia",1538894433
2018,10,05,10:37:31,0.1276,119.8162,10,4.3,"104km SSW of Ogotua, Indonesia",1538735851
2018,10,04,23:23:14,1.1568,123.9451,264,4.3,"31km NNW of Lolak, Indonesia",1538695394
2018,10,04,22:08:34,-1.2206,120.0649,10,4.5,"42km SSE of Palu, Indonesia",1538690914
2018,10,04,20:40:31,-1.1501,120.5782,10,4.4,"31km NNW of Kasiguncu, Indonesia",1538685631
2018,10,04,18:30:16,-1.0388,120.8946,10,4.4,"42km NNE of Poso, Indonesia",1538677816
2018,10,04,18:27:22,-1.3353,120.3117,10,4.6,"39km WNW of Kasiguncu, Indonesia",1538677642
2018,10,03,11:10:21,-1.4111,120.3357,10,4.1,"35km W of Kasiguncu, Indonesia",1538565021
2018,10,03,06:31:05,-1.6696,120.4351,10,4.2,"36km SW of Kasiguncu, Indonesia",1538548265
2018,10,03,06:14:14,-2.1375,120.8126,23.5,4.1,"15km ESE of Pendolo, Indonesia",1538547254
2018,10,03,05:36:42,-1.6477,120.1806,10,4.3,"58km WSW of Kasiguncu, Indonesia",1538545002
2018,10,03,04:44:21,-1.098,120.1413,10,4.3,"37km SE of Palu, Indonesia",1538541861
2018,10,02,21:06:56,-1.0393,119.9488,14.6,4.8,"18km SSE of Palu, Indonesia",1538514416
2018,10,02,09:45:20,-2.004,121.1268,10,4.2,"49km E of Pendolo, Indonesia",1538473520
2018,10,02,07:56:17,-0.6408,120.2311,61.7,4.4,"48km NE of Palu, Indonesia",1538466977
2018,10,02,04:59:26,-1.5945,120.2234,10,5.1,"51km WSW of Kasiguncu, Indonesia",1538456366
2018,10,01,23:46:38,-0.675,119.8773,10,5.2,"23km N of Palu, Indonesia",1538437598
2018,10,01,19:22:12,-1.298,120.129,10,4.4,"53km SSE of Palu, Indonesia",1538421732
2018,10,01,17:39:01,-0.6825,119.8124,10,4.7,"24km NNW of Palu, Indonesia",1538415541
2018,10,01,05:43:34,-0.0146,119.6261,10,5.2,"100km NNW of Palu, Indonesia",1538372614
2018,09,30,15:01:26,-1.3058,120.1667,10,4.6,"55km WNW of Kasiguncu, Indonesia",1538319686
2018,09,30,14:38:42,-1.2936,120.179,10,4.8,"54km WNW of Kasiguncu, Indonesia",1538318322
2018,09,30,10:13:27,-0.2228,119.7818,10,4.4,"74km N of Palu, Indonesia",1538302407
2018,09,29,21:42:26,-0.55,119.9146,10,4,"38km N of Palu, Indonesia",1538257346
2018,09,29,19:15:39,-1.5148,120.1245,10,4.4,"59km W of Kasiguncu, Indonesia",1538248539
2018,09,29,14:26:19,-1.5691,120.1743,10,4.4,"55km WSW of Kasiguncu, Indonesia",1538231179
2018,09,29,11:06:23,-0.6685,119.909,10,4.4,"25km N of Palu, Indonesia",1538219183
2018,09,29,10:30:18,-1.4592,120.2145,10,5.1,"49km W of Kasiguncu, Indonesia",1538217018
2018,09,29,09:54:26,-0.1015,119.9477,10,4.3,"87km N of Palu, Indonesia",1538214866
2018,09,29,08:37:06,-0.0525,119.9191,10,4.4,"92km N of Palu, Indonesia",1538210226
2018,09,29,07:40:11,-1.5105,120.1827,10,5.1,"53km W of Kasiguncu, Indonesia",1538206811
2018,09,29,06:36:12,-1.2676,120.6355,10,4.8,"17km N of Kasiguncu, Indonesia",1538202972
2018,09,29,05:24:02,-1.3695,120.0546,10,4.1,"56km SSE of Palu, Indonesia",1538198642
2018,09,29,02:32:50,-1.5697,120.0451,10,4.8,"69km WSW of Kasiguncu, Indonesia",1538188370
2018,09,29,01:18:35,-1.3161,120.1027,10,4.4,"53km SSE of Palu, Indonesia",1538183915
2018,09,29,00:27:21,-1.2178,120.1201,10,4.1,"45km SE of Palu, Indonesia",1538180841
2018,09,29,00:18:59,-0.6711,119.945,10,4.2,"25km NNE of Palu, Indonesia",1538180339
2018,09,28,23:29:35,-1.2579,120.1503,10,4.4,"51km SE of Palu, Indonesia",1538177375
2018,09,28,22:17:50,-1.8124,120.2139,10,4.5,"59km WNW of Pendolo, Indonesia",1538173070
2018,09,28,21:24:01,-1.5863,120.1808,10,5,"55km WSW of Kasiguncu, Indonesia",1538169841
2018,09,28,21:17:05,-1.3541,119.5184,10,4.4,"64km SW of Palu, Indonesia",1538169425
2018,09,28,21:03:59,-1.7216,120.2505,10,4.4,"55km SW of Kasiguncu, Indonesia",1538168639
2018,09,28,21:02:41,-1.4858,119.748,10,4.2,"67km SSW of Palu, Indonesia",1538168561
2018,09,28,20:44:09,-0.2188,119.8464,10,4.3,"74km N of Palu, Indonesia",1538167449
2018,09,28,20:41:01,-1.4165,120.1982,10,4.5,"50km W of Kasiguncu, Indonesia",1538167261
2018,09,28,20:34:51,-1.3717,120.1956,10,4.4,"51km W of Kasiguncu, Indonesia",1538166891
2018,09,28,20:25:27,-1.7,120.2097,10,4.2,"58km WSW of Kasiguncu, Indonesia",1538166327
2018,09,28,20:02:52,-1.4191,120.4059,10,4.3,"27km W of Kasiguncu, Indonesia",1538164972
2018,09,28,19:21:24,-1.5339,120.2729,10,4.1,"44km WSW of Kasiguncu, Indonesia",1538162484
2018,09,28,19:04:52,-0.0496,119.7298,10,4.2,"94km N of Palu, Indonesia",1538161492
2018,09,28,17:34:11,-0.075,119.6549,10,4.1,"93km NNW of Palu, Indonesia",1538156051
2018,09,28,17:16:21,-0.1422,119.8348,14,4.3,"82km N of Palu, Indonesia",1538154981
2018,09,28,17:10:45,-0.4167,119.8577,10,4.4,"52km N of Palu, Indonesia",1538154645
2018,09,28,17:05:45,-1.4151,120.1963,10,4.6,"51km W of Kasiguncu, Indonesia",1538154345
2018,09,28,17:02:07,-0.7171,119.7762,10,4.2,"21km NNW of Palu, Indonesia",1538154127
2018,09,28,16:40:04,-0.2384,119.7171,10,4.3,"74km NNW of Palu, Indonesia",1538152804
2018,09,28,16:21:36,-2.7722,119.9419,10,4.4,"16km N of Rantepang, Indonesia",1538151696
2018,09,28,15:58:20,0.0212,119.6616,10,4.4,"103km NNW of Palu, Indonesia",1538150300
2018,09,28,15:35:42,-1.3217,119.7951,10,5,"48km S of Palu, Indonesia",1538148942
2018,09,28,15:28:13,-0.699,119.934,10,4.9,"22km NNE of Palu, Indonesia",1538148493
2018,09,28,15:21:41,-0.0711,119.7571,10,4.4,"91km N of Palu, Indonesia",1538148101
2018,09,28,14:44:27,-1.4238,120.3392,10,4.4,"35km W of Kasiguncu, Indonesia",1538145867
2018,09,28,14:26:00,0.0819,119.549,10,5.4,"113km NNW of Palu, Indonesia",1538144760
2018,09,28,14:24:40,-0.7277,120.1456,10,4.6,"35km ENE of Palu, Indonesia",1538144680
2018,09,28,14:16:04,-1.4336,120.1255,10,4.5,"58km W of Kasiguncu, Indonesia",1538144164
2018,09,28,14:10:49,-0.7567,120.5045,10,4.6,"72km ENE of Palu, Indonesia",1538143849
2018,09,28,14:10:08,-0.0571,119.7788,10,4.7,"92km N of Palu, Indonesia",1538143808
2018,09,28,13:56:50,0.0382,119.5964,10,4.6,"107km NNW of Palu, Indonesia",1538143010
2018,09,28,13:39:44,-1.4136,119.9655,10,5.2,"58km S of Palu, Indonesia",1538141984
2018,09,28,13:35:30,0.0587,119.6831,10,5.7,"107km N of Palu, Indonesia",1538141730
2018,09,28,13:28:51,-1.1697,120.0054,10,4.5,"34km SSE of Palu, Indonesia",1538141331
2018,09,28,13:23:43,-0.724,119.7784,10,4.3,"21km NNW of Palu, Indonesia",1538141023
2018,09,28,13:10:26,-0.0491,119.8111,10,4.9,"93km N of Palu, Indonesia",1538140226
2018,09,28,12:39:33,-1.0791,120.2577,10,4.7,"47km ESE of Palu, Indonesia",1538138373
2018,09,28,12:36:38,-0.0946,119.841,10,4.2,"88km N of Palu, Indonesia",1538138198
2018,09,28,12:27:33,-0.4574,119.8805,10,5.2,"48km N of Palu, Indonesia",1538137653
2018,09,28,12:20:24,-1.3949,119.7767,10,4.2,"56km S of Palu, Indonesia",1538137224
2018,09,28,12:05:04,-0.4158,120.0577,10,4.7,"56km NNE of Palu, Indonesia",1538136304
2018,09,28,11:43:52,-0.1663,119.5507,10,4.3,"87km NNW of Palu, Indonesia",1538135032
2018,09,28,11:42:47,-1.0331,119.9206,10,4.4,"16km SSE of Palu, Indonesia",1538134967
2018,09,28,11:39:12,-0.7109,119.9014,10,4.4,"20km N of Palu, Indonesia",1538134752
2018,09,28,11:36:27,-0.514,119.6889,10,4.6,"46km NNW of Palu, Indonesia",1538134587
2018,09,28,11:06:50,-1.5037,120.0576,10,5.2,"67km W of Kasiguncu, Indonesia",1538132810
2018,09,28,11:03:00,-1.1019,120.3888,10,4.3,"46km NW of Kasiguncu, Indonesia",1538132580
2018,09,28,10:50:25,-0.7806,119.9147,10,5.6,"13km NNE of Palu, Indonesia",1538131825
2018,09,28,10:49:04,-1.5194,120.2872,10,4.9,"42km WSW of Kasiguncu, Indonesia",1538131744
2018,09,28,10:47:44,-0.5499,119.8689,10,5.2,"37km N of Palu, Indonesia",1538131664
2018,09,28,10:39:03,-0.6847,119.8697,10,5.4,"22km N of Palu, Indonesia",1538131143
2018,09,28,10:38:28,-1.597,119.3741,10,4.6,"56km NNE of Babana, Indonesia",1538131108
2018,09,28,10:37:10,-1.4992,120.531,10,4.6,"16km WSW of Kasiguncu, Indonesia",1538131030
2018,09,28,10:35:14,-0.2715,120.0594,10,4.2,"71km NNE of Palu, Indonesia",1538130914
2018,09,28,10:26:11,-1.1072,119.4677,10,5.3,"50km WSW of Palu, Indonesia",1538130371
2018,09,28,10:25:04,-1.0465,119.9346,10,5.8,"18km SSE of Palu, Indonesia",1538130304
2018,09,28,10:24:45,-0.3521,120.7322,10,4.6,"112km ENE of Palu, Indonesia",1538130285
2018,09,28,10:24:06,-0.4903,120.0401,10,4.3,"48km NNE of Palu, Indonesia",1538130246
2018,09,28,10:16:48,-0.8748,120.0342,10,5.7,"18km E of Palu, Indonesia",1538129808
2018,09,28,10:14:20,-0.0175,119.7549,10,5.8,"97km N of Palu, Indonesia",1538129660
2018,09,28,10:02:45,-0.2559,119.8462,20,7.5,"70km N of Palu, Indonesia",1538128965
2018,09,28,09:57:37,-0.3165,119.9473,10,4.7,"64km N of Palu, Indonesia",1538128657
2018,09,28,09:22:48,-0.306,119.8209,10,4.4,"65km N of Palu, Indonesia",1538126568
2018,09,28,09:20:33,-0.2441,119.8815,10,4.5,"71km N of Palu, Indonesia",1538126433
2018,09,28,09:11:13,-0.404,119.8705,10,4.3,"53km N of Palu, Indonesia",1538125873
2018,09,28,08:24:58,-0.3464,119.8682,10,5.1,"60km N of Palu, Indonesia",1538123098
2018,09,28,08:00:28,-0.3928,119.8282,10,4.7,"55km N of Palu, Indonesia",1538121628
2018,09,28,07:50:43,-0.2606,119.9617,10,4.5,"70km N of Palu, Indonesia",1538121043
2018,09,28,07:28:37,-0.3749,119.925,10,4.9,"57km N of Palu, Indonesia",1538119717
2018,09,28,07:17:12,-0.219,119.9529,10,4.7,"74km N of Palu, Indonesia",1538119032
2018,09,28,07:03:18,-0.2102,120.0175,10,5.4,"77km NNE of Palu, Indonesia",1538118198
2018,09,28,06:59:59,-0.4009,119.7705,5,6.1,"55km NNW of Palu, Indonesia",1538117999
2018,09,28,06:59:30,-0.3355,119.8879,10,4.2,"61km N of Palu, Indonesia",1538117970
2018,09,26,18:13:27,0.8679,123.8284,270.8,4.1,"20km W of Lolak, Indonesia",1537985607
2018,09,22,12:08:16,-0.9417,119.7522,10,4.6,"14km WSW of Palu, Indonesia",1537618096
2018,09,21,23:20:34,-0.9069,119.7338,27.9,4.8,"15km W of Palu, Indonesia",1537572034
2018,09,21,13:17:15,-0.089,123.5233,141.6,4.1,"62km SSE of Bilungala, Indonesia",1537535835
2018,09,20,00:48:52,-0.3079,123.0693,86.4,4.2,"77km NNE of Luwuk, Indonesia",1537404532
2018,09,19,05:42:58,-1.1697,120.2749,10,4,"50km WNW of Kasiguncu, Indonesia",1537335778
2018,09,16,03:42:53,0.8179,122.548,72.5,4.3,"20km NNW of Sidomulyo, Indonesia",1537069373
2018,09,13,22:33:45,-0.2219,124.6401,63.4,4.3,"99km SE of Molibagu, Indonesia",1536878025
2018,09,12,18:07:50,0.0791,123.6919,120.8,4.7,"46km SW of Molibagu, Indonesia",1536775670
2018,09,11,06:42:57,-0.8176,121.9479,31,4.7,"94km W of Luwuk, Indonesia",1536648177
2018,09,06,09:52:08,-0.1024,122.0878,267.7,4.3,"75km SSW of Tilamuta, Indonesia",1536227528
2018,09,04,00:18:06,-0.3427,125.1731,53.6,4.6,"145km SE of Lolayan, Indonesia",1536020286
2018,08,31,08:29:04,0.0459,123.4032,141.7,4.7,"42km SSE of Bilungala, Indonesia",1535704144
2018,08,29,12:02:32,0.9895,125.3745,55.1,4.9,"54km SSE of Bitung, Indonesia",1535544152
2018,08,25,12:58:03,-1.3503,120.6514,10,4.6,"7km N of Kasiguncu, Indonesia",1535201883
2018,08,22,20:36:47,-0.5536,124.585,80.8,4.3,"123km SSE of Molibagu, Indonesia",1534970207
2018,08,22,09:54:33,0.2313,121.8804,161.3,4.2,"48km SE of Lemito, Indonesia",1534931673
2018,08,21,00:14:20,0.1882,121.831,177.4,4.5,"48km SE of Lemito, Indonesia",1534810460
2018,08,14,08:35:08,-1.3729,120.9348,35,4.5,"19km ENE of Tagolu, Indonesia",1534235708
2018,08,13,21:40:03,0.2973,123.225,164.5,4.1,"9km S of Bilungala, Indonesia",1534196403
2018,08,09,07:53:02,-0.7102,121.6818,10,4.1,"125km WNW of Luwuk, Indonesia",1533801182
2018,08,08,21:45:48,0.9612,123.8791,252.3,4.5,"17km WNW of Lolak, Indonesia",1533764748
2018,08,05,19:32:44,0.7321,123.8896,248.1,4.4,"20km SW of Lolak, Indonesia",1533497564
2018,08,01,17:37:55,-0.0755,122.9323,153.8,4.5,"59km SSW of Bilungala, Indonesia",1533145075
2018,07,23,08:18:34,0.2703,122.0429,181.6,4.7,"44km SW of Tilamuta, Indonesia",1532333914
2018,07,22,12:24:29,-2.5847,121.7315,10,4.1,"71km E of Malili, Indonesia",1532262269
2018,07,16,15:51:21,-0.2756,124.5543,61.1,4.2,"96km SE of Molibagu, Indonesia",1531756281
2018,07,13,02:29:37,1.3774,124.5168,228,4.6,"36km W of Tomohon, Indonesia",1531448977
2018,07,11,08:22:57,-0.1885,124.5975,66.9,4.9,"93km SE of Molibagu, Indonesia",1531297377
2018,07,10,15:33:21,0.2864,122.1082,196.5,5.1,"37km SW of Tilamuta, Indonesia",1531236801
2018,07,03,13:42:14,0.7717,123.79,267.1,4.4,"27km WSW of Lolak, Indonesia",1530625334
2018,07,02,14:52:45,0.2607,121.9829,188.3,4.4,"50km SW of Tilamuta, Indonesia",1530543165
2018,06,27,18:48:59,-0.6255,122.7078,13.5,4.2,"37km NNW of Luwuk, Indonesia",1530125339
2018,06,27,02:33:25,-4.4364,125.5247,443.1,4.3,"131km WSW of Leksula, Indonesia",1530066805
2018,06,25,23:32:49,0.1563,124.8905,87.2,4.2,"83km SE of Modayag, Indonesia",1529969569
2018,06,25,13:27:58,-1.3475,119.9794,36.7,4.2,"51km SSE of Palu, Indonesia",1529933278
2018,06,23,04:57:53,0.4012,123.4794,251.5,4.3,"29km E of Bilungala, Indonesia",1529729873
2018,06,11,08:23:13,0.1852,123.8933,180,4.4,"24km SSW of Molibagu, Indonesia",1528705393
2018,06,08,21:28:34,-2.7079,119.1479,7,4.4,"26km N of Mambi, Indonesia",1528493314
2018,06,08,20:00:23,0.8177,125.4773,22.3,4.2,"76km SSE of Bitung, Indonesia",1528488023
2018,06,08,13:08:09,-2.817,119.1019,10,4.4,"16km NNW of Mambi, Indonesia",1528463289
2018,06,07,20:02:43,-1.3782,120.6712,46.2,4.3,"5km NNE of Kasiguncu, Indonesia",1528401763
2018,06,05,14:16:41,-0.24,124.5341,60.9,4.5,"92km SE of Molibagu, Indonesia",1528208201
2018,06,02,14:49:27,1.4242,125.8092,81.9,4.2,"69km E of Bitung, Indonesia",1527950967
2018,05,25,14:00:33,0.4511,123.9067,206.6,4.3,"11km NW of Molibagu, Indonesia",1527256833
2018,05,22,14:21:38,-0.0462,123.2432,162.8,4.2,"47km S of Bilungala, Indonesia",1526998898
2018,05,20,21:55:45,-1.4152,120.3733,50.3,4.5,"31km W of Kasiguncu, Indonesia",1526853345
2018,05,18,20:31:36,1.0774,120.037,10,5.1,"28km WNW of Ogotua, Indonesia",1526675496
2018,05,18,20:25:57,1.0288,119.9365,9.7,5.1,"37km WNW of Ogotua, Indonesia",1526675157
2018,05,17,16:29:56,-2.9194,119.3564,10,4.4,"3km NW of Mamasa, Indonesia",1526574596
2018,05,15,11:33:39,1.8939,125.8148,69.9,4.4,"86km NE of Bitung, Indonesia",1526384019
2018,05,15,03:46:06,1.0098,123.0763,172.3,4.4,"24km WNW of Boroko, Indonesia",1526355966
2018,05,13,12:40:06,-6.1422,124.869,601.6,4.7,"262km ESE of Baubau, Indonesia",1526215206
2018,05,07,19:01:35,-4.4915,125.8274,423.7,4.1,"109km SW of Leksula, Indonesia",1525719695
2018,05,06,00:51:58,0.3219,123.2779,257.6,4.5,"9km SE of Bilungala, Indonesia",1525567918
2018,04,26,09:46:13,-0.8054,123.2436,33.6,4.1,"53km ENE of Luwuk, Indonesia",1524735973
2018,04,23,21:40:06,1.8737,125.5939,56,4.6,"65km NE of Bitung, Indonesia",1524519606
2018,04,23,04:05:15,0.566,125.6288,42.5,5.4,"109km SSE of Bitung, Indonesia",1524456315
2018,04,11,09:18:29,0.1129,121.7822,143.8,4.1,"52km SSE of Lemito, Indonesia",1523438309
2018,04,02,19:45:04,-0.5719,123.2811,38.4,4.4,"69km NE of Luwuk, Indonesia",1522698304
2018,04,02,19:23:57,1.6431,124.9359,193.7,4.6,"17km NNW of Laikit, Laikit II (Dimembe), Indonesia",1522697037
2018,03,28,05:35:51,-6.0218,124.6292,597,4.4,"232km ESE of Baubau, Indonesia",1522215351
2018,03,24,09:15:27,-0.9118,125.118,38.6,4.3,"101km NNW of Dofa, Indonesia",1521882927
2018,03,20,13:56:05,-1.5981,119.6025,45.7,4.3,"69km NE of Babana, Indonesia",1521554165
2018,03,18,23:10:36,-0.2766,125.1346,64.5,4.3,"137km SE of Lolayan, Indonesia",1521414636
2018,03,18,11:35:05,0.488,121.4659,104.6,5.3,"13km WSW of Lemito, Indonesia",1521372905
2018,03,17,15:53:48,-0.3952,123.9509,111.3,4.1,"86km S of Molibagu, Indonesia",1521302028
2018,03,17,00:36:14,0.0674,123.117,161.4,4.3,"36km SSW of Bilungala, Indonesia",1521246974
2018,03,16,01:30:41,-0.5883,121.8267,30.8,5,"114km WNW of Luwuk, Indonesia",1521163841
2018,03,15,04:28:48,0.8784,125.3662,55.9,5,"65km SSE of Bitung, Indonesia",1521088128
2018,03,14,14:26:08,1.4885,125.6148,43.9,4.7,"48km E of Bitung, Indonesia",1521037568
2018,03,08,21:54:40,0.0473,123.3394,132.8,4.4,"39km SSE of Bilungala, Indonesia",1520546080
2018,03,04,03:10:39,-0.6573,123.1382,49.2,5.3,"50km NE of Luwuk, Indonesia",1520133039
2018,03,01,23:10:31,0.4623,123.6278,185.1,4.2,"40km WNW of Molibagu, Indonesia",1519945831
2018,03,01,06:11:10,-0.2486,119.8989,10,4.2,"71km N of Palu, Indonesia",1519884670
2018,03,01,05:14:27,-0.299,119.9332,10,4.4,"65km N of Palu, Indonesia",1519881267
2018,02,28,15:53:15,-1.418,120.2064,27.7,4.6,"49km W of Kasiguncu, Indonesia",1519833195
2018,02,20,09:29:27,1.4858,124.3688,220.1,4.8,"53km W of Manado, Indonesia",1519118967
2018,02,14,22:33:52,-1.3114,120.5843,17.6,4.6,"14km NNW of Kasiguncu, Indonesia",1518647632
2018,02,14,21:28:58,-1.2755,120.615,38.9,5,"16km NNW of Kasiguncu, Indonesia",1518643738
2018,02,13,07:10:16,0.8075,123.8867,262.7,4.2,"15km WSW of Lolak, Indonesia",1518505816
2018,02,11,15:51:13,-0.1595,123.2836,129.8,4.5,"60km S of Bilungala, Indonesia",1518364273
2018,02,02,00:20:42,-0.2471,125.1824,38,5.5,"138km SE of Modayag, Indonesia",1517530842
2018,02,01,06:20:40,-4.5979,125.4081,497.3,4.6,"152km SW of Leksula, Indonesia",1517466040
2018,01,26,03:48:46,-1.2432,120.5257,61.8,4.2,"24km NW of Kasiguncu, Indonesia",1516938526
2018,01,22,13:45:52,-1.254,120.688,38.9,4.4,"17km NNW of Poso, Indonesia",1516628752
2018,01,17,04:25:54,-0.59,119.9385,48.5,4.3,"34km NNE of Palu, Indonesia",1516163154
2018,01,17,02:47:46,-2.2178,119.0911,30.8,4.4,"19km SW of Babana, Indonesia",1516157266
2018,01,15,06:31:50,0.4389,123.6688,237.7,5.3,"35km W of Molibagu, Indonesia",1515997910
2018,01,08,08:09:27,0.464,121.3441,86.2,4.3,"26km WSW of Lemito, Indonesia",1515398967
2018,01,06,15:39:43,0.8828,125.3597,75.7,5,"65km SSE of Bitung, Indonesia",1515253183
2018,01,04,00:34:32,1.9603,120.9951,48.7,4.4,"100km NNW of Kali, Indonesia",1515026072
2018,01,02,17:47:10,0.0418,123.451,138.8,4.4,"45km SE of Bilungala, Indonesia",1514915230
2018,01,01,00:52:30,-0.2797,123.6999,127.2,4.5,"80km SSW of Molibagu, Indonesia",1514767950
